Price,Close,High,Low,Open,Volume
Ticker,CARE,CARE,CARE,CARE,CARE
Date,,,,,
2007-03-12,8.831239700317383,9.226668606278963,8.402858909289769,8.402858909289769,79000
2007-03-19,8.897143363952637,8.930095872485454,8.402857621510822,8.831238346886998,81500
2007-03-26,8.99599838256836,9.14098901272699,8.798284629689954,8.897141506129156,25500
2007-04-02,9.358473777770996,9.358473777770996,9.09485504598119,9.140988166915248,10500
2007-04-09,9.094854354858398,9.358473066615678,9.06190185875959,9.358473066615678,36800
2007-04-16,9.160758972167969,9.226663966190255,9.061902109651143,9.226663966190255,5500
2007-04-23,9.061904907226562,9.160761800262314,8.903733626962639,9.160761800262314,13700
2007-04-30,8.903735160827637,8.996001442618098,8.89714453255206,8.93009704541304,37600
2007-05-07,8.903735160827637,8.949868301722868,8.903735160827637,8.903735160827637,31200
2007-05-14,8.897143363952637,8.903733991362564,8.732381449805365,8.903733991362564,26200
2007-05-21,8.798284530639648,8.897141405965929,8.600570151470402,8.897141405965929,20200
2007-05-28,8.798284530639648,8.798284530639648,8.63352265275139,8.798284530639648,2400
2007-06-04,8.567619323730469,8.798286249237629,8.468762429094149,8.66647621836679,13300
2007-06-11,8.40285873413086,8.666477580265457,8.40285873413086,8.56762067009421,16400
2007-06-18,8.40285873413086,8.501715644302106,8.40285873413086,8.40285873413086,31500
2007-06-25,7.948114395141602,8.462171351205287,7.908571262282806,8.462171351205287,8800
2007-07-02,8.2380952835083,8.2380952835083,7.9415239790053604,8.2380952835083,2300
2007-07-09,7.710856914520264,8.238095128444039,7.710856914520264,8.238095128444039,42800
2007-07-16,7.407695770263672,7.875619648072181,7.315429497340513,7.710857728118718,30700
2007-07-23,7.480189800262451,7.480189800262451,7.3154279159264215,7.414284795121356,27800
2007-07-30,7.315429210662842,7.480191124159601,7.315429210662842,7.480191124159601,15200
2007-08-06,7.2495222091674805,7.315427207930208,7.242931583587878,7.315427207930208,34100
2007-08-13,7.448741436004639,7.44874143600464,7.149461767919775,7.348981758061872,9600
2007-08-20,7.249222755432129,7.448742781617449,7.249222755432128,7.249222755432128,17800
2007-08-27,7.082955360412598,7.315728803311515,6.8169291121766395,7.315728803311515,22600
2007-09-03,6.983193874359131,7.082953533147399,6.983193874359131,7.082953533147399,1400
2007-09-10,6.584156036376953,6.9831960652359495,6.391286837088321,6.9831960652359495,14700
2007-09-17,6.4843974113464355,6.650664011637369,6.451143964436899,6.451143964436899,18000
2007-09-24,6.451143264770508,6.550903594679491,6.384637012421196,6.484396708073502,38100
2007-10-01,6.584156036376953,6.650662919272333,6.3181297733087165,6.417889463395145,18500
2007-10-08,6.4843974113464355,6.550904305165507,6.318130811055501,6.550904305165507,6200
2007-10-15,6.652385234832764,6.719581304206513,6.55159177160135,6.55159177160135,8800
2007-10-22,6.417200088500977,6.5851896162584405,6.417200088500977,6.5851896162584405,3400
2007-10-29,6.316405773162842,6.450797903474997,6.316405773162841,6.417199870896958,27500
2007-11-05,6.249209880828857,6.383601360247185,6.249209880828857,6.31640530012346,16900
2007-11-12,6.383603096008301,6.383603096008301,6.0812220248895565,6.249211580047669,12300
2007-11-19,6.114819049835205,6.114819049835205,6.081221016210557,6.081221016210557,4300
2007-11-26,6.0140252113342285,6.51799381520295,6.0140252113342285,6.114819316605504,30300
2007-12-03,6.047624111175537,6.282809749608532,6.014026071280922,6.014026071280922,6600
2007-12-10,6.215612411499023,6.638946090478999,6.047622886863914,6.047622886863914,900
2007-12-17,5.9468302726745605,6.215613293917671,5.9468302726745605,6.215613293917671,6600
2007-12-24,6.047624111175537,6.215613669819302,5.946830632321002,5.946830632321002,5100
2007-12-31,6.047624111175537,6.047624111175537,5.946830632321002,6.047624111175537,7600
2008-01-07,6.0140252113342285,6.215612781047561,6.0140252113342285,6.047623246424654,3500
2008-01-14,6.115958213806152,6.115958213806152,6.081980538559845,6.081980538559845,3000
2008-01-21,6.0819807052612305,6.115958381438833,6.0819807052612305,6.115958381438833,1400
2008-01-28,6.149934768676758,6.149934768676758,6.115957099620395,6.115957099620395,5400
2008-02-04,6.115958213806152,6.149935889052459,6.115958213806152,6.149935889052459,4000
2008-02-11,6.149934768676758,6.149934768676758,5.844137043309765,6.115957099620395,5300
2008-02-18,6.0819807052612305,6.149936057616437,5.946070648621088,6.149936057616437,8700
2008-02-25,6.149934768676758,6.149934768676758,5.98004707146508,6.04800176150767,12000
2008-03-03,5.946069717407227,6.115957423618862,5.844137352908313,6.115957423618862,11000
2008-03-10,5.878113269805908,5.946068598733741,5.810158588948122,5.946068598733741,8000
2008-03-17,5.7422051429748535,5.84413816979196,5.572317413016601,5.810160494186258,26500
2008-03-24,5.844137668609619,5.844137668609619,5.60629460783694,5.742204650534098,10300
2008-03-31,5.837342739105225,5.878115433010643,5.640272990374945,5.844138404112889,14800
2008-04-07,5.810160160064697,5.878114859298011,5.77618248641293,5.77618248641293,15100
2008-04-14,5.674249649047852,5.844137355329881,5.640271978177411,5.810159684459441,13300
2008-04-21,5.7422051429748535,5.9141274447904895,5.70782055144542,5.70782055144542,9100
2008-04-28,5.7422051429748535,5.7422051429748535,5.639051368386551,5.7422051429748535,4000
2008-05-05,5.632174491882324,5.7422053193219424,5.5015138270556365,5.604666948980308,15600
2008-05-12,5.501513481140137,5.639051187002337,5.501513481140137,5.535898071563565,17300
2008-05-19,5.43274450302124,5.535897943998784,5.43274450302124,5.501513354367686,7200
2008-05-26,5.43274450302124,5.501513354367686,5.43274450302124,5.4671287647365885,9200
2008-06-02,5.329593181610107,5.432746663611543,5.329593181610107,5.432746663611543,8800
2008-06-09,5.157668113708496,5.329590384165447,5.157668113708496,5.329590384165447,21200
2008-06-16,5.329593181610107,5.363977784915879,5.157670820913007,5.157670820913007,5000
2008-06-23,5.192054271697998,5.501514321093166,5.192054271697998,5.329591998559004,8000
2008-06-30,5.226437091827393,5.226437091827393,4.848208283764218,5.192052833593858,6600
2008-07-07,5.501513481140137,5.501513481140137,5.2264377414999785,5.2264377414999785,1700
2008-07-14,5.226437091827393,5.501512797274248,4.827577466491524,5.501512797274248,9200
2008-07-21,5.091846466064453,5.161597719174882,4.952343627243385,5.161597719174882,6400
2008-07-28,5.056972503662109,5.231350865857355,4.812842863108832,5.091848309141291,43500
2008-08-04,5.056972503662109,5.056972503662109,4.9872212253040775,5.056972503662109,19800
2008-08-11,4.987220287322998,5.063946845386503,4.882593223163722,5.063946845386503,45400
2008-08-18,5.231349468231201,5.231349468231201,4.98721989290046,4.98721989290046,2800
2008-08-25,5.266226768493652,5.545231887073172,5.231350962371043,5.266226768493652,11300
2008-09-01,5.1615986824035645,5.2662257478942305,5.1615986824035645,5.2662257478942305,8100
2008-09-08,5.126722812652588,5.161598611537407,5.056971547483218,5.161598611537407,7400
2008-09-15,5.196473598480225,5.196473598480225,4.882592767871442,5.196473598480225,7400
2008-09-22,4.9174699783325195,5.23135089924722,4.882594172630738,5.1964750935454385,5400
2008-09-29,4.882593631744385,5.091847777573548,4.882593631744385,4.9872207046589665,27300
2008-10-06,4.777965545654297,4.882592596382539,4.777965545654297,4.882592596382539,26400
2008-10-13,4.883617877960205,4.926084079291345,4.784530074854213,4.848229208105239,19500
2008-10-20,4.777453899383545,4.883619609090366,4.742065216984109,4.883619609090366,9700
2008-10-27,4.777453899383545,4.919007953998315,4.777453899383545,4.777453899383545,6100
2008-11-03,4.67128849029541,4.919008270558896,4.600511458433201,4.777454206834478,8900
2008-11-10,4.6005096435546875,4.706675318211917,4.6005096435546875,4.706675318211917,9500
2008-11-17,4.246625900268555,4.9543968836466465,4.246625900268555,4.706677106962616,14200
2008-11-24,4.211236476898193,4.883618995577939,4.069682440066376,4.565121906469182,9200
2008-12-01,4.352792263031006,4.352792263031006,4.1829270262463165,4.246626532227019,11200
2008-12-08,4.0696821212768555,4.352790510255268,3.715796719426694,4.352790510255268,10100
2008-12-15,4.0696821212768555,4.105070796458439,3.68040804424511,4.105070796458439,19200
2008-12-22,3.8927412033081055,4.246626767245206,3.609632684660111,4.246626767245206,20700
2008-12-29,4.388179302215576,4.919007459942853,3.998905522377112,4.246625261818217,22900
2009-01-05,4.211236476898193,4.24662515485187,4.105071118020052,4.24662515485187,17200
2009-01-12,4.423568248748779,4.423568248748779,4.140459813330563,4.246625518798828,4600
2009-01-19,4.570520401000977,4.60650888844031,4.570520401000977,4.60650888844031,1300
2009-01-26,4.318601608276367,4.570519966783499,4.210636499427134,4.570519966783499,7500
2009-02-02,4.318601608276367,4.318601608276367,4.1386598745981855,4.210636499427134,8400
2009-02-09,4.318601608276367,4.678485075632731,4.1386598745981855,4.318601608276367,9100
2009-02-16,4.1386590003967285,4.174647476815232,4.1386590003967285,4.174647476815232,8200
2009-02-23,3.9587178230285645,4.174648023387487,3.8147645849303444,4.0306944420776745,19400
2009-03-02,3.778777599334717,3.9587193897792274,3.6348243042638,3.886742742243769,10900
2009-03-09,3.886741876602173,3.958718508107247,3.742788270380373,3.778776757738736,2800
2009-03-16,4.1386590003967285,4.1386590003967285,3.742787132639379,3.9587173047273057,8300
2009-03-23,4.707275867462158,4.7144737017678375,3.958718260253056,3.958718260253056,6600
2009-03-30,4.354590892791748,4.426567530852008,4.210637273459546,4.426567530852008,19500
2009-04-06,4.426566123962402,4.46255425994863,4.318601029580574,4.354589508778375,5100
2009-04-13,5.848412036895752,5.848412036895752,4.574790522864193,4.574790522864193,4100
2009-04-20,5.379953384399414,5.848411818738194,5.123765194481119,5.848411818738194,2200
2009-04-27,5.379953384399414,5.379953384399414,5.379953384399414,5.379953384399414,200
2009-05-04,5.489748477935791,5.489748477935791,5.123765246073405,5.379953438571314,6000
2009-05-11,5.306756019592285,5.70933765034527,5.196960997657039,5.70933765034527,6000
2009-05-18,5.306756019592285,5.489747606474777,5.233559454645039,5.306756019592285,2300
2009-05-25,5.2335591316223145,5.489747267639757,5.160362571192864,5.306755692051765,15400
2009-06-01,5.123764991760254,5.489748205457414,5.123764991760254,5.160363452741486,6600
2009-06-08,5.489748477935791,5.6727400938669845,4.940773630142212,5.123765246073405,3900
2009-06-15,5.19696044921875,5.48974702713855,5.0139688816474655,5.48974702713855,11900
2009-06-22,5.123764991760254,5.123764991760254,4.772421092649828,5.123764991760254,17100
2009-06-29,5.123764991760254,5.306756598608834,5.05056841882658,5.123764991760254,19100
2009-07-06,4.61138916015625,5.123765578383019,4.61138916015625,4.940773950583625,11800
2009-07-13,4.651011943817139,5.0224985072168264,4.606433244445245,4.643582042496091,12200
2009-07-20,4.755030155181885,4.829327429394015,4.7178813409371445,4.7178813409371445,4400
2009-07-27,5.000212669372559,5.2008155403284135,4.6807341280065495,4.6807341280065495,18800
2009-08-03,4.9779229164123535,5.126517847131738,4.940774449440569,4.99278237405655,24800
2009-08-10,5.386556625366211,5.386556625366211,4.9779211534551,4.9779211534551,37700
2009-08-17,5.089367389678955,5.312259536960727,4.829326787368424,5.0522189346501944,19100
2009-08-24,5.1190876960754395,5.200814886344235,4.903625393411942,4.903625393411942,18100
2009-08-31,5.007641315460205,5.119087413441349,5.007641315460205,5.119087413441349,3400
2009-09-07,4.9407734870910645,5.015070760840642,4.643584037815409,4.643584037815409,10500
2009-09-14,5.015071868896484,5.015071868896484,4.940774578731281,4.940774578731281,11600
2009-09-21,4.903624534606934,4.940773347571371,4.866476075919833,4.940773347571371,7300
2009-09-28,4.9779229164123535,4.9779229164123535,4.829328339970385,4.903625628191369,16500
2009-10-05,4.829326152801514,5.052218270795563,4.829326152801514,4.903623407373779,21800
2009-10-12,5.129945278167725,5.129945278167725,4.903624025411493,4.903624025411493,5800
2009-10-19,4.903624534606934,4.979064840116874,4.903624534606934,4.903624534606934,7500
2009-10-26,4.94134521484375,5.016785525660831,4.715023922664733,4.903624879571321,18800
2009-11-02,5.016784191131592,5.122400598180179,4.805551017306736,4.941343900382601,14400
2009-11-09,4.873448371887207,5.00924092067618,4.752743884074786,5.00924092067618,14700
2009-11-16,5.122401237487793,5.129945447368097,4.873448067081374,4.873448067081374,20800
2009-11-23,5.129945278167725,5.280825873520069,5.092224949465781,5.12240106853625,13300
2009-11-30,4.639583587646484,5.0922258099156545,4.564143277222919,5.0922258099156545,38000
2009-12-07,4.450982093811035,5.046961013723281,4.315189191731763,4.71502332824734,51400
2009-12-14,4.715023994445801,4.715023994445801,4.450982722702393,4.51887882360752,27500
2009-12-21,4.858360290527344,4.9036244732670955,4.66975934924784,4.9036244732670955,20100
2009-12-28,4.715023994445801,4.75274433029248,4.533967245728418,4.75274433029248,24800
2010-01-04,4.979063987731934,4.986608196855282,4.450981579839035,4.450981579839035,18900
2010-01-11,4.979063987731934,4.979063987731934,4.979063987731934,4.979063987731934,4900
2010-01-18,4.871822357177734,4.963743444135709,4.871822357177734,4.963743444135709,4400
2010-01-25,5.093966484069824,5.093966484069824,4.787562416369755,4.902463987415034,2200
2010-02-01,4.979063987731934,4.979063987731934,4.787561526665321,4.787561526665321,10100
2010-02-08,5.063326358795166,5.17056765983693,4.9024642246014976,4.9024642246014976,9400
2010-02-15,6.511085033416748,6.511085033416748,5.055665952894715,5.170567526536829,25100
2010-02-22,5.752734661102295,6.128079345700707,5.2854685087192586,5.745074386594412,14100
2010-03-01,5.982537746429443,5.982537746429443,5.875296454255108,5.875296454255108,4800
2010-03-08,6.089779853820801,6.089779853820801,5.8676369648054845,6.089779853820801,8000
2010-03-15,5.752734661102295,5.974877508162987,5.752734661102295,5.867635856624589,6300
2010-03-22,6.128078937530518,6.319581404328346,5.74507400393486,5.74507400393486,12400
2010-03-29,6.319582462310791,6.319582462310791,6.128079963452889,6.128079963452889,14500
2010-04-05,6.702586650848389,6.702586650848389,6.1740401392406055,6.319581699371338,5300
2010-04-12,6.590975761413574,6.784827989690443,6.590975761413574,6.784827989690443,6200
2010-04-19,6.443647384643555,6.590974729697612,6.397122531765329,6.590974729697612,11600
2010-04-26,6.590975761413574,6.590975761413574,6.397123533136704,6.443648393297681,1600
2010-05-03,6.203270435333252,6.59097483754158,5.815566033124924,6.59097483754158,8700
2010-05-10,6.009418964385986,6.358352820872178,5.815566739728373,6.2032711890435985,36000
2010-05-17,6.203270435333252,6.203270435333252,6.009418234229088,6.009418234229088,31100
2010-05-24,6.397124290466309,6.397124290466309,6.203272039240057,6.203272039240057,19000
2010-05-31,6.203270435333252,6.397122636437416,6.203270435333252,6.397122636437416,3800
2010-06-07,6.203270435333252,6.211024700854409,6.203270435333252,6.203270435333252,13200
2010-06-14,6.203270435333252,6.319581460200766,6.203270435333252,6.203270435333252,38500
2010-06-21,6.203270435333252,6.319581460200766,6.203270435333252,6.203270435333252,17000
2010-06-28,6.226532459259033,6.226532459259033,6.20327040230687,6.20327040230687,11700
2010-07-05,6.319581985473633,6.319581985473633,6.226533009948057,6.226533009948057,3800
2010-07-12,6.288180351257324,6.358834180838093,6.099770263820882,6.209675929795659,10900
2010-07-19,6.28032922744751,6.43733730839898,6.28032922744751,6.28032922744751,6800
2010-07-26,6.28032922744751,6.43733730839898,6.28032922744751,6.28032922744751,6800
2010-08-02,6.28032922744751,6.43733730839898,6.28032922744751,6.28032922744751,23100
2010-08-09,6.28032922744751,6.429486717183011,6.28032922744751,6.28032922744751,37500
2010-08-16,6.28032922744751,6.429486717183011,6.28032922744751,6.2960304098794495,10500
2010-08-23,6.28032922744751,6.43733730839898,6.28032922744751,6.28032922744751,52200
2010-08-30,6.170424938201904,6.280330619223999,6.170424938201904,6.280330619223999,3400
2010-09-06,6.201826095581055,6.429487659146242,6.201826095581055,6.374535009930692,3300
2010-09-13,6.256778717041016,6.43733822295581,6.201826068069239,6.201826068069239,6400
2010-09-20,6.28032922744751,6.28032922744751,6.248927611257216,6.248927611257216,2400
2010-09-27,6.28032922744751,6.358833642260038,6.17042357078148,6.358833642260038,34200
2010-10-04,6.123322010040283,6.280330113133893,6.123322010040283,6.241077900192067,13000
2010-10-11,6.3285322189331055,6.360333857894141,6.201325663088964,6.201325663088964,14200
2010-10-18,6.201326370239258,6.400086825963522,6.201326370239258,6.280830476707867,9100
2010-10-25,6.1695237159729,6.241077210508561,6.161573117077038,6.20132535334551,48400
2010-11-01,6.3603339195251465,6.3603339195251465,6.169524083910005,6.3603339195251465,46600
2010-11-08,6.5590949058532715,6.5590949058532715,6.360334454160748,6.360334454160748,15500
2010-11-15,6.757854461669922,6.757854461669922,6.479589562905055,6.559094036326688,12000
2010-11-22,6.574995994567871,6.797607484394015,6.479590312145729,6.7578552430866115,22200
2010-11-29,7.163327217102051,7.552897539816695,6.574996432813282,6.574996432813282,30100
2010-12-06,6.956614971160889,7.55289625440325,6.956614971160889,7.155375398908342,30500
2010-12-13,7.155376434326172,7.155376434326172,6.956615977817111,6.996368220761117,10900
2010-12-20,7.155376434326172,7.155376434326172,6.996368220761117,7.155376434326172,21700
2010-12-27,7.354135513305664,7.354135513305664,7.036119145744345,7.036119145744345,10400
2011-01-03,7.433640480041504,7.513144198128422,7.338234805199796,7.354136003743707,21500
2011-01-10,7.552895545959473,7.552895545959473,7.354135136855276,7.354135136855276,5800
2011-01-17,7.634549140930176,7.835458328849391,7.634549140930177,7.835458328849391,11200
2011-01-24,7.634549140930176,7.634549140930177,7.433639953010961,7.634549140930177,5700
2011-01-31,7.626512050628662,7.634548601515467,7.554184625462761,7.634548601515467,53400
2011-02-07,7.674729824066162,7.674729824066162,7.562220422095567,7.626511289962307,45300
2011-02-14,7.714914321899414,7.714914321899414,7.610441435972794,7.706877769195555,42000
2011-02-21,7.562222480773926,7.674731913373179,7.562222480773926,7.674731913373179,4500
2011-02-28,7.514003753662109,7.634548956945533,7.514003753662109,7.562221528412395,38600
2011-03-07,7.272913932800293,7.514005150596297,7.272913932800294,7.514005150596297,11300
2011-03-14,6.911276817321777,7.489894764083321,6.871094823861393,7.232731232189302,16500
2011-03-21,6.9514594078063965,7.433641891088845,6.911278172872801,6.911278172872801,7100
2011-03-28,7.4336395263671875,7.4336395263671875,6.951457196472187,6.951457196472187,11700
2011-04-04,7.313095569610596,7.313095569610596,7.072004363701094,7.072004363701094,6700
2011-04-11,7.605619430541992,7.735630674802785,7.39435280533069,7.7193789786738645,20300
2011-04-18,7.597492218017578,7.605617288870571,7.597492218017578,7.605617288870571,7400
2011-04-25,7.434979438781738,7.719377881216992,7.31309483483715,7.597493277272405,11600
2011-05-02,7.678748607635498,7.711251216903624,7.47560710597888,7.638120152319508,7700
2011-05-09,7.597492218017578,7.678748351010635,7.597492218017578,7.678748351010635,1200
2011-05-16,7.719376087188721,7.719376087188721,7.678747637008343,7.678747637008343,2500
2011-05-23,7.638120174407959,7.719377085274923,7.597492493897811,7.719377085274923,9000
2011-05-30,7.5162353515625,7.638119939186082,7.5162353515625,7.638119939186082,11500
2011-06-06,7.434979438781738,7.516236358027071,7.434979438781737,7.516236358027071,7500
2011-06-13,7.313096523284912,7.394353461290848,7.1099549531936646,7.394353461290848,24500
2011-06-20,7.475607872009277,7.59749325044692,7.028696367584739,7.272466349536615,22700
2011-06-27,7.654372692108154,7.71937791784349,7.313094869535937,7.353723329351376,41300
2011-07-04,7.719376087188721,7.760004537369097,7.434977710849316,7.654370876869411,5800
2011-07-11,7.719204902648926,7.8423841791756255,7.4728479158950485,7.4728479158950485,12800
2011-07-18,7.596027851104736,7.784901681220249,7.554968084468783,7.784901681220249,16500
2011-07-25,7.390728950500488,7.801325003306071,7.390728950500488,7.59602697690328,8700
2011-08-01,6.898012161254883,7.71099279808788,6.898012161254883,7.390727651265809,63000
2011-08-08,7.1443705558776855,7.390728323283762,6.774834296343449,6.89801278847161,58900
2011-08-15,6.988344192504883,7.185430086933407,6.733774324839076,7.1443703298067,41400
2011-08-22,6.610596656799316,6.815894684754887,6.49562947921026,6.774834922533808,17400
2011-08-29,6.446357727050781,6.610596377419051,6.421722184019224,6.610596377419051,5600
2011-09-05,6.585960388183594,6.585960388183594,6.364238166472047,6.569536171842113,14800
2011-09-12,6.569535732269287,6.569535732269287,6.569535732269287,6.569535732269287,200
2011-09-19,6.323178768157959,6.38887446253321,6.249271748295001,6.38066235389572,22500
2011-09-26,6.487416744232178,6.487416744232178,6.241058992693989,6.323178112681768,23500
2011-10-03,6.3560261726379395,6.791258515719555,6.241059397203563,6.553112464957461,57800
2011-10-10,6.503840446472168,6.503840446472168,6.158939757405486,6.405297504331643,6800
2011-10-17,6.073063850402832,6.447430631626322,5.948274791097174,6.322641572320664,35400
2011-10-24,6.281045913696289,6.489027561213471,6.031467777998267,6.156256845847278,36600
2011-10-31,6.197853088378906,6.672051795777678,6.122979963199619,6.247769034089792,30700
2011-11-07,6.405834197998047,6.663731774434989,6.289364593496306,6.289364593496306,17200
2011-11-14,6.206172943115234,6.655413309790617,6.206172943115234,6.405835151996051,26100
2011-11-21,6.281045913696289,6.489027561213471,6.20617239364818,6.20617239364818,7800
2011-11-28,6.447430610656738,6.655412243258569,6.247768433771853,6.281045463252667,84600
2011-12-05,6.231130599975586,6.447431725702377,6.197853564739703,6.447431725702377,37500
2011-12-12,6.147937774658203,6.231130359537796,6.147937774658203,6.231130359537796,25400
2011-12-19,6.655412197113037,7.154568429251299,6.156256361668255,6.281045419702821,26400
2011-12-26,6.339279651641846,6.86339342670581,6.339279651641846,6.655411807714724,25000
2012-01-02,6.48902702331543,6.738605138325053,6.48902702331543,6.6554121688595265,16000
2012-01-09,6.655412197113037,6.655412197113037,6.447430565953255,6.655412197113037,21700
2012-01-16,6.748082637786865,6.992395203532253,6.697534850233069,6.748082637786865,27200
2012-01-23,6.537468910217285,7.245133178277802,6.537468910217285,6.74808323745292,18200
2012-01-30,7.371500015258789,7.51471779411534,6.571165888573783,6.739657156808036,12000
2012-02-06,7.160886764526367,7.245132812539797,7.076640716512937,7.160886764526367,34300
2012-02-13,7.017667770385742,7.160885545571551,6.908148247983082,7.160885545571551,48100
2012-02-20,7.118764400482178,7.582116100652483,7.017669615551736,7.017669615551736,10200
2012-02-27,7.203010082244873,7.37150138171232,6.992395757053092,7.245133107969207,19400
2012-03-05,7.28725528717041,7.329378312645649,7.051367469310909,7.329378312645649,23400
2012-03-12,7.329378128051758,7.329378128051758,7.16088683382422,7.329378128051758,29800
2012-03-19,7.28725528717041,7.5821156620672,7.28725528717041,7.329378312645649,7400
2012-03-26,7.388349533081055,7.683209051205899,7.2872539688573905,7.2872539688573905,15300
2012-04-02,7.245134353637695,7.413625682074148,7.245134353637695,7.388352183666187,16800
2012-04-09,7.245134353637695,7.245134353637695,7.076642221771215,7.160888287704456,35300
2012-04-16,7.246135711669922,7.374008369619226,7.169411791702527,7.331384692299146,40600
2012-04-23,7.23760986328125,7.2887594086906775,7.075637793307877,7.075637793307877,12600
2012-04-30,7.246135711669922,7.246135711669922,7.160886731040699,7.237610651008093,31200
2012-05-07,7.033014297485352,7.246135942863695,7.007439927678426,7.246135942863695,17300
2012-05-14,6.9392409324646,7.033014161945842,6.623820594445466,7.033014161945842,74500
2012-05-21,6.956289291381836,7.033013201844706,6.819891589667593,6.819891589667593,17200
2012-05-28,7.0756378173828125,7.246134947670283,6.95628941968436,6.95628941968436,12900
2012-06-04,7.0756378173828125,7.459256563778232,7.0330133315623335,7.0330133315623335,12600
2012-06-11,7.160887241363525,7.331385214772563,7.033014574301338,7.152362993088746,20100
2012-06-18,7.288760185241699,7.331384675458399,7.033014056936028,7.160886714591599,15500
2012-06-25,7.23760986328125,7.2887594086906775,7.050063427100384,7.160885951664331,12900
2012-07-02,7.160887241363525,7.885501189368166,7.160887241363525,7.246136228068044,14100
2012-07-09,7.331386089324951,7.58713145395689,7.03301541326144,7.58713145395689,7400
2012-07-16,7.461689472198486,7.5048207916513805,7.3322963365012965,7.3322963365012965,10300
2012-07-23,7.504820823669434,7.504820823669434,7.202903231534078,7.332296367783302,23000
2012-07-30,7.504820823669434,7.504820823669434,7.332296367783302,7.375427687420209,28500
2012-08-06,7.5479512214660645,7.5479512214660645,7.375426786650548,7.3840532140566735,19900
2012-08-13,7.72047758102417,7.936133383972675,7.418559950493224,7.418559950493224,36900
2012-08-20,7.763607501983643,7.936131948606544,7.677344867341466,7.677344867341466,14800
2012-08-27,7.893001556396484,7.893001556396484,7.720477089552595,7.849871056681675,21800
2012-09-03,7.893001556396484,7.979264201149204,7.763608411928955,7.893001556396484,14400
2012-09-10,7.763607501983643,8.108656395229445,7.763607501983643,7.970636837931124,25800
2012-09-17,7.763607501983643,7.84987013662582,7.608335088692305,7.84987013662582,15500
2012-09-24,7.72047758102417,7.893002058850653,7.634215753441729,7.893002058850653,25800
2012-10-01,7.72047758102417,7.7636089061461915,7.72047758102417,7.72047758102417,7400
2012-10-08,7.729104042053223,7.76360893775902,7.634215784527679,7.720477612461371,13400
2012-10-15,7.894454002380371,7.938069935811039,7.763606202088368,7.850838068949703,46200
2012-10-22,7.763607501983643,7.938071264917556,7.763607501983642,7.894455324184078,10300
2012-10-29,7.763607501983643,7.938071264917556,7.763607501983642,7.850839383450599,7400
2012-11-05,7.850840091705322,7.850840091705322,7.763608202368838,7.763608202368838,32800
2012-11-12,7.850840091705322,7.850840091705322,7.763608202368838,7.80722414703708,29000
2012-11-19,7.850840091705322,7.850840091705322,7.763608202368838,7.763608202368838,41400
2012-11-26,7.807224273681641,7.894456164433153,7.763608328305884,7.850840219057397,12300
2012-12-03,7.71999454498291,7.763609665968547,7.676378592092167,7.763609665968547,33500
2012-12-10,7.71999454498291,7.807225618859291,7.632762639201423,7.71999454498291,118700
2012-12-17,7.6763763427734375,7.719992282883912,7.632760402662962,7.719992282883912,28100
2012-12-24,7.763607501983643,7.763607501983642,7.676376452421561,7.71999239315504,10000
2012-12-31,7.798501014709473,7.85084031618892,7.69382324365555,7.69382324365555,18600
2013-01-07,7.938072204589844,7.938072204589844,7.772331776564015,7.8421169572364775,16200
2013-01-14,8.070966720581055,8.159174347306314,8.026863748428697,8.026863748428697,48600
2013-01-21,8.159173965454102,8.379692180736646,8.070966342856991,8.115070154155546,20900
2013-01-28,8.291485786437988,8.291485786437988,8.07978847029642,8.20327899198418,29100
2013-02-04,8.159173965454102,8.247381588051212,7.982759561470114,8.247381588051212,35400
2013-02-11,8.115070343017578,8.159174155342562,7.982759747252881,8.070966530692594,59500
2013-02-18,8.273843765258789,8.379692410552112,8.070966564205563,8.070966564205563,45300
2013-02-25,8.203280448913574,8.2914872590332,8.167997556623623,8.273846233493478,22000
2013-03-04,8.115070343017578,8.247381779992528,8.03568364907466,8.203277967667544,17700
2013-03-11,8.291485786437988,8.379693422102154,8.044505584272825,8.044505584272825,17800
2013-03-18,8.159173965454102,8.33558836943809,8.159173965454102,8.203277776752657,26500
2013-03-25,8.291485786437988,8.379693422102154,8.167996105960585,8.167996105960585,8500
2013-04-01,8.467900276184082,8.467900276184082,8.24738204858773,8.291485021138776,19600
2013-04-08,8.87365436553955,8.997144041812751,8.4679007694769,8.4679007694769,21500
2013-04-15,9.086224555969238,9.086224555969238,8.77444284470674,8.925879991434488,11500
2013-04-22,8.908062934875488,9.175304992829568,8.729901846085795,9.130764508247376,15200
2013-04-29,8.685362815856934,9.175306529223375,8.685362815856934,9.13076603718293,7400
2013-05-06,9.059500694274902,9.17530562231798,8.729902445016517,8.774442932654491,15200
2013-05-13,9.130766868591309,9.264387507340338,8.908065237650057,9.05059414552617,15900
2013-05-20,8.952604293823242,9.13967366770752,8.952604293823242,9.130765400013228,8800
2013-05-27,8.908062934875488,9.086224023665181,8.908062934875488,9.086224023665181,6600
2013-06-03,8.908062934875488,8.997143904039875,8.890246401226976,8.908062934875488,18900
2013-06-10,9.25547981262207,9.25547981262207,8.899156703984627,8.899156703984627,4600
2013-06-17,9.130766868591309,9.335651961278394,8.91697350677714,9.255480087752558,7200
2013-06-24,9.35346794128418,9.35346794128418,8.925881243175743,8.961513468018113,9700
2013-07-01,9.077316284179688,9.353466625000737,9.006051844523764,9.353466625000737,16900
2013-07-08,9.264388084411621,9.442550079893632,9.086226938468966,9.086226938468966,7800
2013-07-15,9.577873229980469,9.658813143881112,9.442973945258556,9.487940659388771,17800
2013-07-22,10.971837043762207,11.646335233227122,9.577873947334286,9.577873947334286,15200
2013-07-29,10.252371788024902,10.872910581517113,9.937606491583853,10.7919706643078,27000
2013-08-05,10.3063325881958,10.342305791424437,10.252372354518437,10.252372354518437,10900
2013-08-12,10.027539253234863,10.297338696418013,9.982573394094993,10.297338696418013,20100
2013-08-19,10.072505950927734,10.072505950927734,9.99156603235952,10.072505950927734,7700
2013-08-26,9.982574462890625,10.072507048467884,9.937607741267556,10.072507048467884,12600
2013-09-02,10.252371788024902,10.252371788024902,10.00055937933831,10.00055937933831,6700
2013-09-09,9.982574462890625,10.072507048467884,9.982574462890625,10.072507048467884,20100
2013-09-16,10.117473602294922,10.342306349012587,9.982574297331869,10.009553986790706,14600
2013-09-23,9.982574462890625,10.027540326844814,9.892641019644486,10.027540326844814,9300
2013-09-30,9.982574462890625,10.072507048467884,9.946601257125945,9.946601257125945,8900
2013-10-07,10.027539253234863,10.054519797921328,9.982573394094993,9.982573394094993,8900
2013-10-14,10.07266902923584,10.07266902923584,10.054519661257169,10.07266902923584,6400
2013-10-21,10.163413047790527,10.208785601322747,10.072668806135567,10.136189861834987,11200
2013-10-28,10.236007690429688,10.263231738877488,10.118039410050708,10.16341195872099,19800
2013-11-04,10.118041038513184,10.254158706431683,10.118041038513184,10.245084022155211,8400
2013-11-11,10.118041038513184,10.254158706431683,10.118041038513184,10.118041038513184,6800
2013-11-18,10.118041038513184,10.208786150458849,10.118041038513184,10.163413594486016,12900
2013-11-25,10.24508285522461,10.24508285522461,10.11803988605297,10.11803988605297,7200
2013-12-02,10.118041038513184,10.245084022155211,10.090817851093293,10.245084022155211,41500
2013-12-09,10.090816497802734,10.208784781347434,10.090816497802734,10.163412231459564,17000
2013-12-16,9.900253295898438,10.163413068428305,9.900253295898438,10.090817328793133,29200
2013-12-23,9.981922149658203,10.072667242637015,9.89117705667939,9.89117705667939,13600
2013-12-30,9.90932846069336,10.072669315505625,9.90932846069336,9.98192420385225,9500
2014-01-06,10.108966827392578,10.127115329831788,9.936551294467879,9.936551294467879,14400
2014-01-13,10.62252426147461,11.364268976629893,10.027296104478566,10.073083020141766,63300
2014-01-20,10.347803115844727,10.704939118611396,10.27454440382527,10.622523722574057,41800
2014-01-27,10.375275611877441,10.485163687292536,10.210443062098403,10.347803811351866,16800
2014-02-03,10.347803115844727,10.384432471854455,10.228757490484925,10.228757490484925,21600
2014-02-10,10.25622844696045,10.320330469698202,10.173812184378095,10.29285779996231,21700
2014-02-17,10.210442543029785,10.302016371210085,10.210442543029785,10.274544572081096,12900
2014-02-24,10.210442543029785,10.347803285300236,10.210442543029785,10.256229457119936,22100
2014-03-03,10.210442543029785,10.302016371210085,10.182970743900794,10.256229457119936,19900
2014-03-10,10.210442543029785,10.302016371210085,10.192128301381375,10.210442543029785,9400
2014-03-17,10.302017211914062,10.34780412974069,10.219600934488698,10.219600934488698,11800
2014-03-24,10.39359188079834,10.39359188079834,10.302018037803816,10.302018037803816,13600
2014-03-31,10.347803115844727,10.39359002918507,10.302016202504383,10.320331317165614,30900
2014-04-07,10.25622844696045,10.347802266121434,10.210441537379957,10.27454356011771,58800
2014-04-14,10.348710060119629,10.348710060119629,10.265550640444628,10.302510284612692,6100
2014-04-21,10.330233573913574,10.394912749038648,10.28403378545809,10.348712960583164,8900
2014-04-28,10.348710060119629,10.367190322797374,10.256311390293181,10.367190322797374,49500
2014-05-05,10.330233573913574,10.348712960583164,10.330233573913574,10.330233573913574,37800
2014-05-12,10.38567066192627,10.38567066192627,10.33023163115598,10.33023163115598,14700
2014-05-19,10.348710060119629,10.385669704287693,10.348710060119629,10.385669704287693,1100
2014-05-26,10.348710060119629,10.450349742472374,10.348710060119629,10.348710060119629,79900
2014-06-02,10.42263126373291,10.42263126373291,10.302512177816595,10.42263126373291,34800
2014-06-09,10.459589004516602,10.487309398564737,10.348710071886337,10.422629360306512,45400
2014-06-16,10.57046890258789,10.57046890258789,10.441110576631509,10.450350708824823,22000
2014-06-23,10.718308448791504,10.995505367022094,10.496549680544515,10.496549680544515,42400
2014-06-30,10.85690689086914,10.85690689086914,10.533509311857609,10.718308431971348,143400
2014-07-07,10.81070613861084,11.04170413679136,10.699827205226683,11.04170413679136,22400
2014-07-14,10.811675071716309,10.858276406815907,10.765072847753219,10.858276406815907,56700
2014-07-21,10.774392127990723,10.895556650790585,10.765071506586615,10.811673724743768,4200
2014-07-28,10.765071868896484,10.839635064912079,10.718469649170887,10.774392490614286,23500
2014-08-04,10.793033599853516,10.793033599853516,10.718470398624337,10.718470398624337,133300
2014-08-11,10.718469619750977,10.858275389680626,10.67186740015329,10.811674058946348,20300
2014-08-18,10.727789878845215,10.811673693513105,10.671867039445496,10.718469257468032,5900
2014-08-25,10.811675071716309,10.811675071716309,10.718470623790127,10.727791246355444,6300
2014-09-01,10.765071868896484,10.904877639209872,10.765071868896484,10.811674088622084,6400
2014-09-08,10.765071868896484,10.84895568662988,10.727790270888688,10.765071868896484,10000
2014-09-15,10.904877662658691,10.904877662658691,10.76507189204468,10.76507189204468,6200
2014-09-22,10.904877662658691,10.942159260746656,10.811674111870488,10.904877662658691,15800
2014-09-29,10.951478004455566,10.951478004455566,10.718467834148,10.904875792621402,44900
2014-10-06,10.998082160949707,11.044684381023988,10.951479940875426,10.951479940875426,20800
2014-10-13,11.09240436553955,11.139406257490425,11.045402473588677,11.09240436553955,19800
2014-10-20,11.09240436553955,11.139406257490425,11.045402473588677,11.139406257490425,50400
2014-10-27,11.289812088012695,11.374415317924903,11.092404850379733,11.092404850379733,69400
2014-11-03,11.374415397644043,11.374415397644043,11.18640782030521,11.327413503309334,49400
2014-11-10,11.46841812133789,11.46841812133789,11.289812001273885,11.374415230536092,30800
2014-11-17,11.60942268371582,11.750427454576146,11.421415127253425,11.440216241494253,11000
2014-11-24,11.844433784484863,11.891434787239541,11.515421386282137,11.759830545147782,14500
2014-12-01,11.656423568725586,11.844431123452178,11.534219913234349,11.825630009384934,9200
2014-12-08,11.524821281433105,11.844433102076016,11.524821281433105,11.844433102076016,12000
2014-12-15,11.656423568725586,11.656423568725586,11.515418799167104,11.524819356200727,45700
2014-12-22,11.515420913696289,11.703427606459313,11.515420913696289,11.6564257091469,26800
2014-12-29,11.562421798706055,11.93843515131172,11.562421798706055,11.703426581811543,9000
2015-01-05,11.938434600830078,11.976035934356846,11.562421265562401,11.938434600830078,7600
2015-01-12,11.590621948242188,11.93843450468535,11.56242117244585,11.844431619868724,7300
2015-01-19,12.02370834350586,12.033183508156721,11.701560877789476,11.985808588503847,12900
2015-01-26,11.938434600830078,12.033183536759609,11.748934921768143,12.023708372086224,8900
2015-02-02,12.554306983947754,12.554306983947754,11.843685833912975,11.938435682024886,17800
2015-02-09,12.31743335723877,12.554307075647207,12.175309487634317,12.554307075647207,28600
2015-02-16,12.31743335723877,12.554307075647207,12.175309487634317,12.31743335723877,55200
2015-02-23,12.506932258605957,12.506932258605957,12.317433462972835,12.412183312590162,43400
2015-03-02,12.364808082580566,12.554306873536284,12.326908324389423,12.355332917132403,8600
2015-03-09,12.554306983947754,12.649056832059665,12.36480819132545,12.36480819132545,18900
2015-03-16,12.649056434631348,12.69643045359731,12.554306589496438,12.554306589496438,23100
2015-03-23,12.554306983947754,12.696430852514103,12.554306983947754,12.60168190800371,10700
2015-03-30,12.32690715789795,12.535355356423093,12.32690715789795,12.535355356423093,19700
2015-04-06,12.32690715789795,12.412181831658884,12.317431993346418,12.402706667107353,12300
2015-04-13,12.127933502197266,12.40270695536792,12.090033746711708,12.317432279625054,24100
2015-04-20,11.9354248046875,12.22187518212013,11.88768292334862,12.19323041755706,47700
2015-04-27,11.9354248046875,12.078649538103491,11.69671630859375,12.030908567365259,29600
2015-05-04,12.116843223571777,12.174133665012604,11.839941396242578,11.935425161777063,11600
2015-05-11,12.030908584594727,12.078649555401329,11.935424821780225,11.935424821780225,7400
2015-05-18,12.030908584594727,12.078649555401329,11.887682940372976,12.030908584594727,9300
2015-05-25,11.9354248046875,11.944973363075405,11.88768292334862,11.88768292334862,10700
2015-06-01,12.030908584594727,12.12639143680858,11.897231498774556,11.935424821780225,27600
2015-06-08,12.07865047454834,12.174134244628853,11.935425730028287,12.0309095001088,16200
2015-06-15,11.9354248046875,12.19323041755706,11.9354248046875,12.19323041755706,11900
2015-06-22,11.97361946105957,12.02136134771514,11.763555706135508,11.935426133855263,12700
2015-06-29,11.9354248046875,12.269617063459009,11.9354248046875,11.9354248046875,11800
2015-07-06,11.706266403198242,12.12639301079229,11.668073075235148,11.944974930617779,87000
2015-07-13,11.98316764831543,12.01181241517877,11.839941992797286,11.88768387797,56600
2015-07-20,12.031291961669922,12.17566709804407,11.93504125881067,12.079417313099547,23400
2015-07-27,12.127542495727539,12.175666928572596,11.983166443448212,12.031291794207988,40300
2015-08-03,12.223793029785156,12.320043737213807,12.12754324027128,12.12754324027128,30800
2015-08-10,12.156417846679688,12.320043495347237,12.127543002183872,12.271918142577707,67500
2015-08-17,12.108291625976562,12.271917262915276,12.079416783550522,12.271917262915276,17600
2015-08-24,12.271919250488281,12.271919250488281,11.896542566494592,12.031293382831649,37700
2015-08-31,11.935042381286621,12.32004431101785,11.79066723133417,12.32004431101785,17000
2015-09-07,12.079418182373047,12.22379332913689,11.983167472587287,12.031292827480167,18100
2015-09-14,11.935042381286621,12.079418449153888,11.935042381286621,12.079418449153888,3400
2015-09-21,12.175667762756348,12.175667762756348,11.935041910386342,11.992792518837648,11700
2015-09-28,12.127542495727539,12.204542689777293,12.040917047942887,12.079417144967763,16000
2015-10-05,12.175667762756348,12.223793116813304,12.002417773231995,12.175667762756348,32000
2015-10-12,12.089043617248535,12.271918867071397,12.00241816073225,12.271918867071397,21100
2015-10-19,12.128555297851562,12.371126403808594,12.128555297851562,12.225584110368509,22000
2015-10-26,12.274096488952637,12.283799554399964,12.177068610485117,12.177068610485117,50300
2015-11-02,12.613697052001953,12.613697052001953,12.128554857694187,12.128554857694187,17500
2015-11-09,12.856268882751465,12.856268882751465,12.516668957223887,12.613697771756154,30500
2015-11-16,12.904781341552734,12.904781341552734,12.516667067359556,12.710724667123753,25200
2015-11-23,12.807754516601562,12.904783331445316,12.807754516601562,12.904783331445316,35900
2015-11-30,12.904781341552734,13.00180921609962,12.662210267182703,12.904781341552734,30400
2015-12-07,13.001811027526855,13.050325434226988,12.904783139461934,12.914486205869029,36200
2015-12-14,13.050325393676758,13.050325393676758,12.807754286265162,12.856268692814549,15700
2015-12-21,12.904781341552734,12.99210707637958,12.904781341552734,12.953295741493784,4700
2015-12-28,13.098838806152344,13.098838806152344,12.914485185657718,12.914485185657718,5000
2016-01-04,13.089137077331543,13.098840143963114,12.856269030186018,12.904783438008511,38000
2016-01-11,13.195867538452148,13.215272744290044,13.001809928061613,13.050324330659246,74000
2016-01-18,13.10825252532959,13.147352421447353,13.000728044059505,13.098477318246385,640400
2016-01-25,13.342852592468262,13.342852592468262,13.147353101763235,13.147353101763235,13600
2016-02-01,13.147354125976562,13.29397945458916,13.147354125976562,13.245104345051628,100300
2016-02-08,12.95185375213623,13.147353244970736,12.95185375213623,13.147353244970736,57000
2016-02-15,13.098478317260742,13.196228531118038,12.951853928689927,12.951853928689927,36400
2016-02-22,13.010504722595215,13.196229017105736,12.961629613866606,13.00072951440646,12600
2016-02-29,13.098478317260742,13.245103638046686,12.99095382778982,13.010504243447329,19200
2016-03-07,13.10825252532959,13.245102627849288,13.059377422128621,13.098477318246385,16900
2016-03-14,13.098478317260742,13.206003738946793,13.049604142547222,13.098478317260742,36100
2016-03-21,13.147354125976562,13.196229235514094,13.09847901643903,13.09847901643903,20400
2016-03-28,12.854104042053223,13.342853259351294,12.854104042053223,13.147353758875095,59500
2016-04-04,12.902978897094727,13.147353500949608,12.902978897094727,12.95185400430873,377300
2016-04-11,12.707479476928711,12.854103867237987,12.707479476928711,12.854103867237987,81100
2016-04-18,12.551079750061035,12.854103735519088,12.521755058742706,12.854103735519088,37200
2016-04-25,12.707026481628418,12.85478317152205,12.707026481628418,12.85478317152205,10200
2016-05-02,12.510019302368164,12.854783994791877,12.362263542419837,12.854783994791877,17900
2016-05-09,12.510019302368164,12.55927153548701,12.411515775538684,12.411515775538684,19200
2016-05-16,12.460765838623047,12.628222851044129,12.460765838623047,12.51001806687774,41400
2016-05-23,12.411515235900879,12.510018758447545,12.263758542968624,12.510018758447545,66100
2016-05-30,12.490318298339844,12.500167992905201,12.313010644449164,12.313010644449164,19800
2016-06-06,12.500167846679688,12.559270710421256,12.441065922346269,12.490318152229552,41300
2016-06-13,12.411515235900879,12.510018758447545,12.411515235900879,12.500168124370427,10700
2016-06-20,12.362262725830078,12.510018476018393,12.362262725830078,12.500167842163666,17000
2016-06-27,12.332712173461914,12.460766660195732,12.332712173461914,12.362263136599857,37800
2016-07-04,12.332712173461914,12.411515368101886,12.332712173461914,12.332712173461914,6500
2016-07-11,12.441065788269043,12.65777503377512,12.26375813836333,12.342561329564061,149000
2016-07-18,12.659344673156738,12.897637992691136,12.460766906878074,12.56998444160797,15600
2016-07-25,13.652234077453613,14.019603171728788,12.897637639372658,12.897637639372658,91600
2016-08-01,13.324581146240234,13.721736686126315,13.324581146240234,13.602590024160492,17900
2016-08-08,13.155789375305176,13.354367138761278,13.006856289436467,13.354367138761278,239100
2016-08-15,13.304722785949707,13.304722785949707,13.086287714262605,13.086287714262605,45800
2016-08-22,13.453656196594238,13.453656196594238,13.215362885713484,13.215362885713484,31400
2016-08-29,13.890527725219727,13.900456850224321,13.503301318975304,13.503301318975304,37900
2016-09-05,13.68202018737793,13.870669765967463,13.552944409104414,13.870669765967463,9800
2016-09-12,13.255078315734863,13.602589154186225,13.255078315734863,13.602589154186225,33700
2016-09-19,13.185575485229492,13.30472214043083,13.185575485229492,13.30472214043083,26100
2016-09-26,13.056500434875488,13.175648043627389,12.907567344275858,13.175648043627389,47400
2016-10-03,13.304722785949707,13.304722785949707,13.006856606941206,13.056500338846963,63400
2016-10-10,12.986997604370117,13.404011367097974,12.986997604370117,13.304722015250984,54300
2016-10-17,12.11325454711914,13.086286977353552,11.716099032876587,12.986997625346197,609300
2016-10-24,11.964322090148926,12.182758107824284,11.616810286887832,12.063610500442461,583400
2016-10-31,12.36147689819336,12.401192449354,11.964321386586972,11.97425051110049,171900
2016-11-07,12.460766792297363,12.65934455675004,12.17282879711761,12.272117205897214,155900
2016-11-14,12.857922554016113,12.957211911486981,12.60970010723243,12.64941566084208,30400
2016-11-21,12.679203033447266,12.897638104805838,12.58984280112172,12.659344783200039,605900
2016-11-28,12.9572114944458,13.15578925610262,12.659344378513843,12.659344378513843,17200
2016-12-05,13.175647735595703,13.3543672507583,12.70898927739011,12.967140845494777,36700
2016-12-12,12.927425384521484,13.20543425767115,12.91749625947134,13.20543425767115,64000
2016-12-19,12.917495727539062,13.056499684943082,12.857921926584881,12.907566602897791,81300
2016-12-26,13.195505142211914,13.205434267269275,12.907567143802822,12.917496268860182,57100
2017-01-02,13.155789375305176,13.304722461173887,12.897637809365511,12.907566934261682,46000
2017-01-09,14.744413375854492,14.744413375854492,13.155789374514253,13.165718499409827,227500
2017-01-16,15.290501594543457,15.340146270848448,14.744412995868897,14.744412995868897,320800
2017-01-23,15.439435958862305,15.439435958862305,15.240858196221915,15.379862156623455,150900
2017-01-30,15.479151725769043,15.5883692600105,15.320289513456569,15.439436172690925,66700
2017-02-06,15.63801383972168,15.63801383972168,15.151498080851438,15.340146720062572,78200
2017-02-13,15.489080429077148,15.66779993961637,15.489080429077148,15.638013512342074,211400
2017-02-20,15.578439712524414,15.58836883724803,15.389791077242942,15.538724160523396,136600
2017-02-27,15.538723945617676,15.63801329769374,15.439435540435047,15.538723945617676,111300
2017-03-06,15.290501594543457,15.578439580840268,15.201142313466606,15.578439580840268,260800
2017-03-13,15.389791488647461,15.389791488647461,15.211071026418546,15.211071026418546,101400
2017-03-20,15.24085807800293,15.34014648510624,15.141568724006163,15.24085807800293,36800
2017-03-27,16.779836654663086,16.779836654663086,15.002564012667662,15.181284473425979,104700
2017-04-03,16.879125595092773,16.879125595092773,16.382680724648868,16.779836242246613,150100
2017-04-10,17.176992416381836,17.226638041595912,16.690476652005675,16.879126240245235,219100
2017-04-17,16.988344192504883,17.22663750474539,16.9784150677715,16.988344192504883,124800
2017-04-24,16.779836654663086,17.077704720522593,16.779836654663086,17.057846470707904,59900
2017-05-01,16.630903244018555,16.879125680496443,16.630903244018555,16.740121722080634,67700
2017-05-08,16.481969833374023,16.879125345089342,16.13445805045305,16.63090291354391,97100
2017-05-15,15.489080429077148,16.4918993006151,15.389791075638232,16.4918993006151,97600
2017-05-22,15.588369369506836,15.687658726346303,15.399720727784029,15.63801404792657,95500
2017-05-29,15.042279243469238,15.538724115489918,14.843701484039656,15.538724115489918,439300
2017-06-05,15.191213607788086,15.35007581883059,14.913204738463707,15.042279574765638,179700
2017-06-12,15.439435958862305,15.578439919263845,15.19121351883845,15.240858196221915,29000
2017-06-19,15.389791488647461,15.439436166699211,15.340146810595709,15.439436166699211,123900
2017-06-26,15.389791488647461,15.459293469783827,15.340146810595709,15.41957791672112,269400
2017-07-03,15.459293365478516,15.459293365478516,15.340146707094291,15.389791384811085,36300
2017-07-10,15.489080429077148,15.687658189061533,15.389791075638232,15.389791075638232,56000
2017-07-17,15.489080429077148,15.489080429077148,15.340146398918773,15.489080429077148,71500
2017-07-24,15.757160186767578,15.757160186767578,15.399720218377507,15.449364895155046,57600
2017-07-31,15.985525131225586,15.985525131225586,15.737302697181049,15.757159999520022,215100
2017-08-07,16.16424560546875,16.203960210192704,15.9358795266052,15.985525149743747,149300
2017-08-14,16.630903244018555,16.680546973799373,16.134458371062777,16.134458371062777,117000
2017-08-21,16.829483032226562,16.928770498168696,16.581260579797185,16.581260579797185,281900
2017-08-28,17.77272605895996,18.100379599099362,16.779836313836086,16.779836313836086,938700
2017-09-04,17.37557029724121,17.85215691374241,17.37557029724121,17.77272581099221,85400
2017-09-11,17.07770538330078,17.474860926073287,16.48197112224852,17.474860926073287,80400
2017-09-18,16.908912658691406,17.276280795555582,16.889054409729326,17.22663706693724,149300
2017-09-25,16.928770065307617,16.95855744060082,16.58126015582178,16.928770065307617,131000
2017-10-02,16.97841453552246,16.97841453552246,16.501827925981758,16.97841453552246,66300
2017-10-09,16.630903244018555,16.97841503384498,16.56140126481065,16.879125680496443,63600
2017-10-16,16.67061996459961,16.7004054453495,16.43232475587893,16.630903465217187,79500
2017-10-23,16.382680892944336,16.69047618552114,16.333037162904724,16.670619829777436,72600
2017-10-30,16.6805477142334,16.6805477142334,16.28339217699679,16.382681534752688,90600
2017-11-06,16.730192184448242,16.7798359130038,16.660690206955717,16.660690206955717,25700
2017-11-13,16.740121841430664,17.0280588850287,16.740121841430664,16.750050966215,128500
2017-11-20,16.740121841430664,16.779836446781086,16.730192716646332,16.740121841430664,5700
2017-11-27,17.37557029724121,17.42521402629001,16.630902998788017,16.82948170255695,125100
2017-12-04,17.127347946166992,17.37557038016941,16.630903078162152,17.37557038016941,1371100
2017-12-11,16.97841453552246,17.17699134260433,16.889054309510225,17.17699134260433,17900
2017-12-18,17.127347946166992,17.176991675452722,16.82948178287884,16.928769241450304,99100
2017-12-25,17.425214767456055,17.425214767456055,17.127348592920054,17.127348592920054,123200
2018-01-01,17.176992416381836,17.425214861091323,17.127348684954722,17.16706518512598,102200
2018-01-08,17.22663688659668,17.325926236580788,17.137276660989667,17.17699126471121,42200
2018-01-15,17.325927734375,17.415287967707037,17.226638375807514,17.226638375807514,38200
2018-01-22,17.415287017822266,17.464930747504784,17.325926789364214,17.325926789364214,35700
2018-01-29,17.524503707885742,17.524503707885742,17.375570624150406,17.46493085314899,186000
2018-02-05,17.276281356811523,17.554291169951785,17.176992002562365,17.47486006530984,95000
2018-02-12,17.176992416381836,17.375571129664213,17.07770495352761,17.276281773023022,112000
2018-02-19,16.54154396057129,17.07770536301763,16.491900227953817,16.978416003995676,65100
2018-02-26,16.879125595092773,17.028058677468568,16.491899202158333,16.511755557698052,96100
2018-03-05,17.127347946166992,17.37557038016941,16.87912551216457,16.978414864522914,59500
2018-03-12,17.176992416381836,17.3259273982371,17.028059328313535,17.3259273982371,51700
2018-03-19,16.97841453552246,17.17699134260433,16.97841453552246,17.17699134260433,139000
2018-03-26,16.928770065307617,17.02805942249799,16.82948260190422,16.928770065307617,74800
2018-04-02,16.879125595092773,16.928769324622408,16.82948186556314,16.879125595092773,206100
2018-04-09,16.829483032226562,16.87912676519763,16.779837405468474,16.87912676519763,35500
2018-04-16,16.889055252075195,16.928769858193274,16.779836771123318,16.829482396004604,101700
2018-04-23,17.276281356811523,17.375570711060682,16.879125833601805,16.889054958405413,64000
2018-04-30,17.37557029724121,17.47485964912568,17.176991593472277,17.176991593472277,36100
2018-05-07,17.325927734375,17.47486082533273,17.127349017240025,17.375571466765244,63000
2018-05-14,17.405357360839844,17.455001089004163,17.246495158169814,17.32592625950483,175200
2018-05-21,17.425214767456055,17.474860392403357,17.226637949027705,17.375571036295707,27200
2018-05-28,17.395429611206055,17.464931593643563,17.22663827080626,17.325927628768547,39100
2018-06-04,17.48478889465332,17.48478889465332,17.325926688053908,17.39542866671779,73100
2018-06-11,17.355712890625,17.52450422888636,17.345783765575867,17.455002247329382,143700
2018-06-18,17.86208724975586,17.86208724975586,17.226638384656717,17.355713225209854,617700
2018-06-25,17.832298278808594,17.99116237465886,17.574148620795636,17.772725426481514,40700
2018-07-02,17.97130584716797,18.17981179717596,17.78265625397954,17.87201648792211,8600
2018-07-09,18.368459701538086,18.547180152991377,17.87201484473976,17.87201484473976,56100
2018-07-16,18.41810417175293,18.815261588222196,18.36846044158773,18.41810417175293,21800
2018-07-23,17.673437118530273,18.37838983880465,17.574149656728114,18.368460713867048,77200
2018-07-30,18.120237350463867,18.269170429381543,17.673436219923992,17.772725570464726,45500
2018-08-06,17.822372436523438,18.120238615148065,17.623793721582366,18.120238615148065,43500
2018-08-13,17.51457405090332,17.87201495603583,17.375570096145946,17.82237122756158,26600
2018-08-20,17.22663688659668,17.574148664647634,17.17699126471121,17.574148664647634,53200
2018-08-27,17.37557029724121,17.405357670942614,17.137276988990614,17.226637216307946,32100
2018-09-03,18.120237350463867,18.120237350463867,17.27628071154791,17.375570062088638,27900
2018-09-10,18.914548873901367,18.96419449739507,17.921659129470076,18.12023783587109,109200
2018-09-17,19.6195011138916,19.957083770528996,18.864904698689596,18.96419404954533,435000
2018-09-24,19.262060165405273,19.659215674156414,19.013837735712457,19.659215674156414,101000
2018-10-01,18.964195251464844,19.3216342858978,18.964195251464844,19.26206142912347,117800
2018-10-08,18.864906311035156,19.262061854615336,18.815262578257762,19.113128762496146,154400
2018-10-15,18.16988182067871,18.94433651397156,18.16988182067871,18.914549139457133,289900
2018-10-22,17.37557029724121,18.169881324743205,17.07770413537468,18.169881324743205,49300
2018-10-29,17.87201499938965,17.87201499938965,17.127347707748413,17.375570138295494,250800
2018-11-05,18.66632652282715,18.66632652282715,17.61386391919586,17.77272612752561,78500
2018-11-12,18.040807723999023,18.864906181436616,18.030878598754352,18.368461281925125,10100
2018-11-19,17.435144424438477,18.03087868547488,17.435144424438477,18.03087868547488,3400
2018-11-26,17.325927734375,17.524504557722974,17.325927734375,17.385500592000692,8400
2018-12-03,16.630903244018555,17.37557055345222,16.19403122555714,17.325926823671406,57900
2018-12-10,16.581260681152344,16.879126868373532,16.442254819167026,16.680548147701383,60500
2018-12-17,15.012493133544922,16.5812598334258,14.893346475369185,16.5812598334258,68200
2018-12-24,14.645124435424805,15.886236675715041,14.396901987366757,14.89334688348285,216700
2018-12-31,15.191213607788086,15.290502016242916,14.347256928007955,14.595479369485233,94800
2019-01-07,15.588369369506836,15.886236493131753,15.141569157516201,15.141569157516201,147800
2019-01-14,15.489080429077148,15.886235949045917,15.191213315653847,15.489080429077148,20200
2019-01-21,15.63801383972168,15.886236281622024,15.240858311438517,15.4394360755801,45500
2019-01-28,16.898984909057617,16.92877039113713,15.737303763281341,15.737303763281341,127400
2019-02-04,16.879125595092773,17.077704300785093,16.879125595092773,16.928769324622408,38200
2019-02-11,17.028059005737305,17.028059005737305,16.73019283524342,16.82948219000369,37900
2019-02-18,17.087631225585938,17.17699145216816,16.879125292751986,16.97841464381966,42900
2019-02-25,17.117420196533203,17.17699305521873,16.928770601277495,17.00820171078721,102600
2019-03-04,17.07770538330078,17.157136491855283,17.028059756837337,17.047918007422716,44300
2019-03-11,18.864906311035156,18.92447916912543,16.93869955743752,17.037988916779316,187700
2019-03-18,18.66632652282715,19.212417021024187,18.269171002002786,18.86490523013278,198000
2019-03-25,19.05355453491211,19.351420697741055,17.25642275197859,18.467749440066555,144600
2019-04-01,18.586894989013672,19.1031981010441,18.130166624069968,19.06348349677315,97300
2019-04-08,18.815261840820312,18.86490557165199,18.36846068818746,18.547181149240604,132200
2019-04-15,18.706043243408203,18.81526172309887,18.517393658611663,18.78547434851407,84500
2019-04-22,18.626611709594727,18.76561566688397,18.398247524394716,18.725901062138565,112200
2019-04-29,19.778364181518555,19.788293306416445,18.557110225882163,18.616683081482567,173000
2019-05-06,19.788293838500977,19.788293838500977,19.053555620383296,19.72872098129873,205000
2019-05-13,19.629430770874023,19.857794958386613,18.884763459934526,19.788292979038165,148100
2019-05-20,19.361351013183594,19.95708526926972,18.954266348511922,19.689004569962915,216800
2019-05-27,19.609573364257812,19.609573364257812,17.246496495907195,19.36135091660898,181900
2019-06-03,19.85779571533203,19.957085072666086,18.24931342912387,19.47056930489489,254100
2019-06-10,19.907438278198242,20.9896882326402,18.67625524339361,19.609572117472894,516200
2019-06-17,19.420923233032227,20.51310235103408,19.401066877051306,19.917368114506985,1831500
2019-06-24,19.609573364257812,19.69893359691435,18.79540403897556,19.391138292090154,3320300
2019-07-01,19.748577117919922,20.20530740148294,19.103199139686083,19.65921688621818,443500
2019-07-08,19.659215927124023,20.125875312974905,18.993979731235783,19.649288696340996,520500
2019-07-15,19.20248794555664,19.788293050445926,18.92447813337272,19.3712792790635,296200
2019-07-22,19.222347259521484,19.559929945228642,18.50746538683008,19.01383941539082,209800
2019-07-29,19.43085289001465,20.076230874847614,19.192559567635723,19.21241781794738,317600
2019-08-05,18.914548873901367,19.778363784822826,18.715972061287246,19.212416933502894,195200
2019-08-12,19.162771224975586,19.659216094988288,18.61668262547637,18.77554483237748,149200
2019-08-19,19.103199005126953,20.25495099029564,18.78547458077517,19.29184859225593,176000
2019-08-26,18.755687713623047,19.212418006334694,17.494719107060178,19.202488881081507,121000
2019-09-02,18.606754302978516,18.894693249016942,18.38831923251924,18.418104713980476,116800
2019-09-09,19.281919479370117,19.837937222334613,17.971305281203186,18.527323024167682,227400
2019-09-16,19.32163429260254,19.6095732390545,18.97412438314254,19.16277207862455,708500
2019-09-23,19.20248794555664,19.59964346740016,19.013838362510874,19.182629696017734,213900
2019-09-30,18.765615463256836,19.202487473437067,18.42803280454305,19.113127246495953,320400
2019-10-07,19.222347259521484,19.70886303744368,18.537252762787894,18.7954043397279,416200
2019-10-14,19.410993576049805,19.659216009982856,19.152843911291885,19.152843911291885,698000
2019-10-21,19.540071487426758,19.85779591912687,19.321634520292687,19.45071125428773,845700
2019-10-28,19.629430770874023,19.659216251287983,19.271989855611256,19.559928791525575,405500
2019-11-04,19.837936401367188,19.847865525946876,19.599643092815292,19.649288715713734,1101400
2019-11-11,20.165590286254883,20.344310744207746,19.64928905568616,19.80815126413606,888700
2019-11-18,20.35424041748047,20.7911124493843,20.056374242056513,20.086159723326734,1078200
2019-11-25,20.969833374023438,21.23791218029477,20.403884598193514,20.443601099144527,425400
2019-12-02,21.30741310119629,21.41663157958105,20.49324381014928,20.94997407938718,247300
2019-12-09,22.260587692260742,22.826534532047454,21.12869401268732,21.30741257226192,473900
2019-12-16,22.965539932250977,23.491772200945725,22.270518217859,22.310232824556294,361200
2019-12-23,23.16411781311035,23.402411126075673,22.44923787421438,22.945682749672198,156100
2019-12-30,21.704570770263672,24.077576691816443,21.416631830704635,23.15418891155737,298500
2020-01-06,21.02940559387207,21.82371665093203,20.4733878539301,21.49606310317143,269800
2020-01-13,20.870542526245117,21.476203972235943,20.731536676622138,20.900328006046074,262200
2020-01-20,20.35424041748047,20.8506853057117,19.917368385576637,20.681893967961603,153400
2020-01-27,19.649290084838867,20.572676009647154,19.589715333209686,20.245022450834664,288800
2020-02-03,19.480497360229492,20.870542605210577,19.12305645097066,19.53014108927683,444000
2020-02-10,19.46063995361328,19.907439215743413,19.172701010069616,19.31170686623657,236300
2020-02-17,19.420000076293945,19.969999313354492,18.8799991607666,19.5,153100
2020-02-24,16.899999618530273,19.530000686645508,16.479999542236328,18.950000762939453,304200
2020-03-02,15.09000015258789,17.469999313354492,14.920000076293945,16.989999771118164,366000
2020-03-09,12.229999542236328,14.239999771118164,11.0,14.239999771118164,586900
2020-03-16,6.900000095367432,11.229999542236328,6.849999904632568,10.5,693700
2020-03-23,8.930000305175781,10.279999732971191,6.440000057220459,6.949999809265137,440400
2020-03-30,8.069999694824219,9.449999809265137,7.53000020980835,8.880000114440918,405900
2020-04-06,8.75,9.149999618530273,7.710000038146973,8.489999771118164,356500
2020-04-13,7.929999828338623,8.899999618530273,7.360000133514404,8.850000381469727,386900
2020-04-20,8.359999656677246,8.609999656677246,7.059999942779541,7.679999828338623,297100
2020-04-27,8.850000381469727,10.539999961853027,8.289999961853027,8.399999618530273,370000
2020-05-04,8.369999885559082,8.949999809265137,7.300000190734863,8.630000114440918,331900
2020-05-11,7.309999942779541,8.520000457763672,6.440000057220459,8.520000457763672,571300
2020-05-18,7.289999961853027,7.760000228881836,7.050000190734863,7.639999866485596,431700
2020-05-25,7.059999942779541,8.6899995803833,6.960000038146973,7.5,685200
2020-06-01,9.489999771118164,9.729999542236328,7.019999980926514,7.119999885559082,993200
2020-06-08,8.149999618530273,11.0,7.550000190734863,11.0,684200
2020-06-15,7.489999771118164,8.65999984741211,7.260000228881836,8.0,561500
2020-06-22,7.489999771118164,7.739999771118164,7.050000190734863,7.389999866485596,556600
2020-06-29,7.570000171661377,8.130000114440918,7.46999979019165,7.690000057220459,418400
2020-07-06,7.25,7.820000171661377,6.829999923706055,7.760000228881836,313300
2020-07-13,7.210000038146973,7.429999828338623,6.900000095367432,7.349999904632568,425600
2020-07-20,7.159999847412109,7.579999923706055,6.800000190734863,7.139999866485596,278200
2020-07-27,7.050000190734863,7.420000076293945,6.949999809265137,7.070000171661377,422700
2020-08-03,7.489999771118164,7.550000190734863,6.800000190734863,7.059999942779541,278800
2020-08-10,7.53000020980835,8.0600004196167,7.369999885559082,7.5,287300
2020-08-17,7.010000228881836,7.46999979019165,6.909999847412109,7.429999828338623,292200
2020-08-24,7.210000038146973,7.550000190734863,7.010000228881836,7.090000152587891,175700
2020-08-31,7.170000076293945,7.21999979019165,6.949999809265137,7.170000076293945,273700
2020-09-07,7.019999980926514,7.230000019073486,6.840000152587891,7.179999828338623,257400
2020-09-14,7.010000228881836,7.239999771118164,6.800000190734863,7.070000171661377,387800
2020-09-21,6.420000076293945,7.039999961853027,6.300000190734863,6.949999809265137,567500
2020-09-28,6.889999866485596,6.909999847412109,6.449999809265137,6.559999942779541,347700
2020-10-05,7.150000095367432,7.400000095367432,6.880000114440918,6.989999771118164,362900
2020-10-12,7.099999904632568,7.21999979019165,6.71999979019165,7.110000133514404,253100
2020-10-19,7.349999904632568,7.489999771118164,7.019999980926514,7.179999828338623,235900
2020-10-26,6.949999809265137,7.340000152587891,6.730000019073486,7.340000152587891,235700
2020-11-02,7.019999980926514,7.480000019073486,6.900000095367432,7.070000171661377,231100
2020-11-09,7.760000228881836,8.460000038146973,7.320000171661377,7.320000171661377,472100
2020-11-16,8.170000076293945,8.390000343322754,7.929999828338623,7.940000057220459,384700
2020-11-23,9.890000343322754,10.260000228881836,8.329999923706055,8.449999809265137,482700
2020-11-30,9.90999984741211,9.979999542236328,9.199999809265137,9.800000190734863,325700
2020-12-07,9.569999694824219,10.369999885559082,9.5,9.949999809265137,299500
2020-12-14,10.960000038146973,11.170000076293945,9.329999923706055,9.600000381469727,544100
2020-12-21,10.75,10.800000190734863,10.069999694824219,10.470000267028809,287600
2020-12-28,10.720000267028809,11.239999771118164,10.680000305175781,10.789999961853027,238300
2021-01-04,11.649999618530273,12.140000343322754,10.449999809265137,10.720000267028809,297600
2021-01-11,12.020000457763672,12.199999809265137,11.020000457763672,11.630000114440918,196100
2021-01-18,11.300000190734863,12.1899995803833,10.989999771118164,12.1899995803833,211300
2021-01-25,10.010000228881836,11.300000190734863,9.930000305175781,11.289999961853027,301900
2021-02-01,10.880000114440918,11.0,9.75,10.0,200400
2021-02-08,10.859999656677246,11.600000381469727,10.729999542236328,10.989999771118164,212400
2021-02-15,11.300000190734863,11.369999885559082,10.619999885559082,11.010000228881836,180800
2021-02-22,11.829999923706055,12.199999809265137,11.119999885559082,11.15999984741211,312800
2021-03-01,13.34000015258789,13.369999885559082,11.890000343322754,11.949999809265137,376300
2021-03-08,14.5,14.9399995803833,13.0,13.40999984741211,310300
2021-03-15,14.119999885559082,14.729999542236328,13.520000457763672,14.59000015258789,292100
2021-03-22,13.850000381469727,14.520000457763672,12.789999961853027,14.020000457763672,220700
2021-03-29,14.199999809265137,14.399999618530273,13.569999694824219,13.649999618530273,276000
2021-04-05,14.369999885559082,14.680000305175781,14.079999923706055,14.329999923706055,205800
2021-04-12,14.069999694824219,14.449999809265137,13.680000305175781,14.449999809265137,142900
2021-04-19,13.420000076293945,14.109999656677246,13.100000381469727,14.109999656677246,201600
2021-04-26,12.949999809265137,13.640000343322754,12.680000305175781,13.399999618530273,264500
2021-05-03,13.989999771118164,14.079999923706055,13.109999656677246,13.109999656677246,406600
2021-05-10,14.029999732971191,14.300000190734863,13.239999771118164,14.069999694824219,233600
2021-05-17,14.90999984741211,15.34000015258789,13.84000015258789,13.899999618530273,403400
2021-05-24,15.569999694824219,16.280000686645508,14.770000457763672,15.15999984741211,475400
2021-05-31,14.0,15.960000038146973,13.989999771118164,15.59000015258789,534900
2021-06-07,14.270000457763672,14.430000305175781,13.430000305175781,14.010000228881836,510500
2021-06-14,12.949999809265137,14.779999732971191,12.680000305175781,14.010000228881836,723300
2021-06-21,13.069999694824219,13.819999694824219,12.770000457763672,13.15999984741211,800700
2021-06-28,12.729999542236328,13.199999809265137,12.5,13.020000457763672,349200
2021-07-05,11.539999961853027,12.670000076293945,11.279999732971191,12.670000076293945,309200
2021-07-12,11.050000190734863,11.850000381469727,11.010000228881836,11.430000305175781,211800
2021-07-19,10.239999771118164,11.380000114440918,10.020000457763672,11.380000114440918,527100
2021-07-26,11.470000267028809,11.510000228881836,10.25,10.270000457763672,441400
2021-08-02,11.789999961853027,11.869999885559082,11.079999923706055,11.40999984741211,356900
2021-08-09,12.270000457763672,12.550000190734863,11.670000076293945,11.760000228881836,241600
2021-08-16,11.850000381469727,12.140000343322754,11.5,12.140000343322754,249300
2021-08-23,12.300000190734863,12.4399995803833,11.770000457763672,11.989999771118164,238000
2021-08-30,13.40999984741211,13.479999542236328,11.920000076293945,12.510000228881836,429900
2021-09-06,13.579999923706055,13.649999618530273,13.180000305175781,13.359999656677246,298500
2021-09-13,14.0,14.329999923706055,13.550000190734863,13.720000267028809,727100
2021-09-20,14.65999984741211,14.819999694824219,13.449999809265137,13.729999542236328,233800
2021-09-27,14.680000305175781,15.199999809265137,14.09000015258789,14.770000457763672,344300
2021-10-04,14.770000457763672,14.90999984741211,14.3100004196167,14.680000305175781,160800
2021-10-11,14.649999618530273,14.869999885559082,13.930000305175781,14.760000228881836,296300
2021-10-18,14.880000114440918,14.979999542236328,14.109999656677246,14.539999961853027,169600
2021-10-25,14.979999542236328,15.100000381469727,14.220000267028809,14.890000343322754,319300
2021-11-01,16.110000610351562,16.399999618530273,15.119999885559082,15.319999694824219,353100
2021-11-08,16.0,16.34000015258789,15.880000114440918,16.110000610351562,352500
2021-11-15,15.449999809265137,16.079999923706055,15.109999656677246,16.079999923706055,381500
2021-11-22,14.600000381469727,16.15999984741211,14.260000228881836,15.59000015258789,535500
2021-11-29,14.579999923706055,15.0600004196167,14.09000015258789,14.779999732971191,311500
2021-12-06,14.579999923706055,15.15999984741211,14.369999885559082,14.859999656677246,241600
2021-12-13,14.899999618530273,15.380000114440918,14.229999542236328,14.739999771118164,287300
2021-12-20,14.920000076293945,15.100000381469727,14.1899995803833,14.75,126800
2021-12-27,15.390000343322754,15.529999732971191,14.510000228881836,14.869999885559082,197500
2022-01-03,16.100000381469727,16.170000076293945,15.15999984741211,15.479999542236328,241500
2022-01-10,16.290000915527344,16.459999084472656,15.75,16.0,195400
2022-01-17,15.3100004196167,16.209999084472656,15.3100004196167,16.100000381469727,241700
2022-01-24,15.430000305175781,16.15999984741211,15.0,15.079999923706055,400500
2022-01-31,15.569999694824219,15.720000267028809,14.989999771118164,15.239999771118164,319700
2022-02-07,15.6899995803833,16.06999969482422,15.449999809265137,15.5,346400
2022-02-14,16.34000015258789,16.440000534057617,15.539999961853027,15.680000305175781,385000
2022-02-21,16.700000762939453,16.81999969482422,15.640000343322754,16.309999465942383,492600
2022-02-28,16.219999313354492,16.8700008392334,15.720000267028809,16.479999542236328,488600
2022-03-07,16.059999465942383,16.299999237060547,15.59000015258789,16.200000762939453,777600
2022-03-14,16.639999389648438,16.670000076293945,16.020000457763672,16.020000457763672,546100
2022-03-21,17.239999771118164,17.469999313354492,16.530000686645508,16.579999923706055,496800
2022-03-28,17.420000076293945,17.729999542236328,16.959999084472656,17.270000457763672,578600
2022-04-04,17.3799991607666,17.799999237060547,17.100000381469727,17.510000228881836,641300
2022-04-11,17.079999923706055,17.739999771118164,17.06999969482422,17.299999237060547,306000
2022-04-18,17.40999984741211,17.989999771118164,17.0,17.0,414800
2022-04-25,16.360000610351562,17.270000457763672,16.309999465942383,17.239999771118164,552400
2022-05-02,15.430000305175781,16.420000076293945,15.199999809265137,16.309999465942383,369900
2022-05-09,14.640000343322754,15.550000190734863,14.380000114440918,15.25,311700
2022-05-16,14.239999771118164,14.869999885559082,13.970000267028809,14.520000457763672,292200
2022-05-23,15.0,15.119999885559082,14.270000457763672,14.390000343322754,255000
2022-05-30,14.75,15.050000190734863,14.479999542236328,14.859999656677246,177300
2022-06-06,13.770000457763672,15.180000305175781,13.720000267028809,14.8100004196167,225500
2022-06-13,13.399999618530273,14.029999732971191,12.989999771118164,13.520000457763672,407300
2022-06-20,13.529999732971191,13.65999984741211,12.579999923706055,12.579999923706055,553800
2022-06-27,13.399999618530273,14.119999885559082,13.039999961853027,13.6899995803833,308500
2022-07-04,13.819999694824219,14.140000343322754,13.050000190734863,13.220000267028809,199600
2022-07-11,13.899999618530273,14.039999961853027,12.8100004196167,13.8100004196167,263500
2022-07-18,13.670000076293945,14.529999732971191,13.520000457763672,13.920000076293945,191500
2022-07-25,13.949999809265137,14.029999732971191,13.609999656677246,13.770000457763672,157700
2022-08-01,15.279999732971191,15.479999542236328,13.979999542236328,13.979999542236328,211700
2022-08-08,16.6200008392334,16.6200008392334,15.300000190734863,15.489999771118164,211800
2022-08-15,17.18000030517578,17.389999389648438,16.420000076293945,16.600000381469727,493700
2022-08-22,17.040000915527344,17.170000076293945,16.68000030517578,16.920000076293945,282700
2022-08-29,16.350000381469727,16.979999542236328,16.290000915527344,16.979999542236328,384800
2022-09-05,17.049999237060547,17.1200008392334,16.15999984741211,16.479999542236328,296600
2022-09-12,16.979999542236328,17.31999969482422,16.579999923706055,17.100000381469727,424300
2022-09-19,16.350000381469727,17.329999923706055,16.1299991607666,16.829999923706055,179600
2022-09-26,16.100000381469727,16.770000457763672,16.059999465942383,16.389999389648438,460900
2022-10-03,16.100000381469727,16.989999771118164,15.949999809265137,16.170000076293945,223200
2022-10-10,16.790000915527344,17.110000610351562,15.869999885559082,16.100000381469727,185200
2022-10-17,16.799999237060547,17.329999923706055,16.68000030517578,16.969999313354492,213500
2022-10-24,17.75,17.75,16.700000762939453,16.799999237060547,425800
2022-10-31,18.600000381469727,18.75,17.18000030517578,17.75,408300
2022-11-07,18.09000015258789,18.84000015258789,18.020000457763672,18.600000381469727,267100
2022-11-14,18.31999969482422,18.510000228881836,18.020000457763672,18.09000015258789,199900
2022-11-21,18.31999969482422,18.479999542236328,18.200000762939453,18.270000457763672,108500
2022-11-28,18.649999618530273,18.739999771118164,18.1299991607666,18.25,266400
2022-12-05,17.989999771118164,18.559999465942383,17.889999389648438,18.549999237060547,299600
2022-12-12,17.350000381469727,18.59000015258789,16.31999969482422,17.979999542236328,552000
2022-12-19,16.729999542236328,17.350000381469727,16.350000381469727,17.350000381469727,417300
2022-12-26,16.59000015258789,16.899999618530273,16.329999923706055,16.729999542236328,128700
2023-01-02,16.34000015258789,16.68000030517578,15.779999732971191,16.6299991607666,233100
2023-01-09,16.520000457763672,16.610000610351562,15.6899995803833,16.420000076293945,170800
2023-01-16,16.270000457763672,16.520000457763672,16.020000457763672,16.520000457763672,149400
2023-01-23,16.09000015258789,16.440000534057617,15.920000076293945,16.270000457763672,156100
2023-01-30,16.959999084472656,17.0,16.0,16.0,226900
2023-02-06,17.360000610351562,17.700000762939453,16.850000381469727,16.959999084472656,257100
2023-02-13,17.579999923706055,17.600000381469727,17.209999084472656,17.329999923706055,232800
2023-02-20,17.290000915527344,17.540000915527344,17.239999771118164,17.540000915527344,148100
2023-02-27,17.280000686645508,17.540000915527344,17.25,17.440000534057617,143700
2023-03-06,15.329999923706055,17.420000076293945,15.1899995803833,17.3700008392334,387600
2023-03-13,13.8100004196167,14.979999542236328,13.609999656677246,14.979999542236328,397100
2023-03-20,14.289999961853027,14.710000038146973,13.569999694824219,14.0,286800
2023-03-27,14.0,14.5,13.760000228881836,14.34000015258789,379900
2023-04-03,13.75,14.420000076293945,13.550000190734863,14.079999923706055,200900
2023-04-10,13.210000038146973,14.069999694824219,13.15999984741211,13.699999809265137,266700
2023-04-17,13.510000228881836,13.720000267028809,13.050000190734863,13.15999984741211,191700
2023-04-24,12.850000381469727,13.75,12.609999656677246,13.510000228881836,292700
2023-05-01,13.359999656677246,13.430000305175781,12.350000381469727,13.319999694824219,498500
2023-05-08,13.479999542236328,13.770000457763672,13.130000114440918,13.479999542236328,267000
2023-05-15,13.899999618530273,14.350000381469727,13.489999771118164,13.5,259000
2023-05-22,14.3100004196167,14.630000114440918,13.899999618530273,14.010000228881836,315700
2023-05-29,15.010000228881836,15.039999961853027,13.869999885559082,14.350000381469727,773900
2023-06-05,15.399999618530273,16.229999542236328,14.619999885559082,15.010000228881836,263800
2023-06-12,15.4399995803833,15.970000267028809,15.069999694824219,15.399999618530273,224800
2023-06-19,15.199999809265137,15.4399995803833,14.670000076293945,15.420000076293945,352100
2023-06-26,14.789999961853027,15.260000228881836,14.699999809265137,15.15999984741211,305500
2023-07-03,14.880000114440918,15.109999656677246,14.600000381469727,14.789999961853027,281900
2023-07-10,14.960000038146973,15.399999618530273,14.850000381469727,14.890000343322754,215800
2023-07-17,16.079999923706055,16.18000030517578,14.920000076293945,14.989999771118164,284200
2023-07-24,15.010000228881836,16.739999771118164,15.0,16.100000381469727,289700
2023-07-31,14.729999542236328,15.09000015258789,14.609999656677246,15.020000457763672,340300
2023-08-07,14.729999542236328,14.770000457763672,14.5,14.75,362000
2023-08-14,14.020000457763672,14.649999618530273,14.020000457763672,14.600000381469727,475000
2023-08-21,14.0,14.369999885559082,13.970000267028809,14.020000457763672,395900
2023-08-28,14.300000190734863,14.449999809265137,14.020000457763672,14.050000190734863,552800
2023-09-04,13.649999618530273,14.479999542236328,13.399999618530273,14.239999771118164,429800
2023-09-11,13.65999984741211,14.430000305175781,13.40999984741211,13.6899995803833,279700
2023-09-18,12.880000114440918,13.649999618530273,12.789999961853027,13.640000343322754,219900
2023-09-25,12.529999732971191,13.279999732971191,12.489999771118164,12.859999656677246,272200
2023-10-02,11.979999542236328,12.569999694824219,11.699999809265137,12.569999694824219,275500
2023-10-09,10.880000114440918,12.109999656677246,10.720000267028809,11.789999961853027,243100
2023-10-16,10.960000038146973,11.770000457763672,10.770000457763672,10.989999771118164,333000
2023-10-23,10.970000267028809,11.180000305175781,10.430000305175781,10.960000038146973,244700
2023-10-30,11.670000076293945,11.8100004196167,10.920000076293945,11.100000381469727,299300
2023-11-06,11.779999732971191,11.819999694824219,11.470000267028809,11.619999885559082,271100
2023-11-13,13.039999961853027,13.109999656677246,11.699999809265137,11.699999809265137,353500
2023-11-20,12.65999984741211,13.100000381469727,12.5600004196167,13.100000381469727,124100
2023-11-27,13.210000038146973,13.270000457763672,12.3100004196167,12.569999694824219,237700
2023-12-04,13.640000343322754,13.9399995803833,13.09000015258789,13.170000076293945,318100
2023-12-11,14.609999656677246,14.720000267028809,13.34000015258789,13.649999618530273,562500
2023-12-18,15.0,15.289999961853027,14.479999542236328,14.6899995803833,240900
2023-12-25,14.970000267028809,15.4399995803833,14.899999618530273,15.0,174800
